{"cameraMode":{"drawMode":0,"name":"Shaded","section":"Shading Mode"},"sceneLighting":true,"audioPlay":false,"sceneViewState":{"m_AlwaysRefresh":true,"showFog":true,"showSkybox":true,"showFlares":true,"showImageEffects":true,"showParticleSystems":true,"showVisualEffectGraphs":true,"m_FxEnabled":true},"in2DMode":false,"pivot":{"x":4.8313422203063969,"y":-0.1798083782196045,"z":-3.197876453399658},"rotation":{"x":0.09362362325191498,"y":0.3782358169555664,"z":-0.038484279066324237,"w":0.9201590418815613},"size":0.05273912847042084,"orthographic":true}